city,type,squareMeters,rooms,floor,floorCount,buildYear,latitude,longitude,centreDistance,poiCount,schoolDistance,clinicDistance,postOfficeDistance,kindergartenDistance,restaurantDistance,collegeDistance,pharmacyDistance,buildingMaterial,condition,hasParkingSpace,hasBalcony,hasElevator,hasSecurity,hasStorageRoom,sorted_prices
szczecin,3,77.71,3.0,3.0,3.0,1925.0,53.43301925,14.56977461,1.22,9.0,0.568,0.994,0.346,0.374,0.07,0.675,0.43,brick,0,0,0,0,0,1,"[550000, 550000, 550000, 650000, 599000, 599000, 599000]"
szczecin,3,78.6,3.0,2.0,4.0,1929.0,53.4328328,14.5481871,1.35,75.0,0.149,0.239,0.074,0.342,0.093,0.492,0.089,brick,1,0,0,0,0,1,"[440000, 440000, 440000, 440000, 440000, 440000, 440000]"
szczecin,3,100.0,3.0,4.0,4.0,1930.0,53.4364939,14.5720258,1.63,13.0,0.183,1.123,0.131,0.448,0.153,1.05,0.191,brick,1,1,0,0,0,1,"[799000, 799000, 739000, 739000, 739000, 739000, 739000]"
szczecin,2,96.06,4.0,3.0,3.0,2009.0,53.46560024,14.54153863,4.87,11.0,0.159,1.342,0.103,0.082,0.314,2.465,0.366,brick,1,0,1,0,0,0,"[768000, 768000, 799000, 799000, 799000, 799000, 799000]"
szczecin,3,42.57,2.0,1.0,1.0,1938.0,53.49568979,14.584651,8.19,4.0,1.572,1.236,0.02,0.28,0.033,3.693,0.033,brick,1,1,0,0,0,1,"[389000, 389000, 379000, 379000, 379000, 379000, 379000]"
szczecin,3,82.95,4.0,3.0,4.0,1910.0,53.4361339,14.5412255,1.93,39.0,0.069,0.327,0.28,0.093,0.184,0.037,0.389,brick,1,1,0,0,0,1,"[649000, 649000, 649000, 649000, 649000, 649000, 649000]"
szczecin,3,51.0,2.0,2.0,3.0,1950.0,53.4312995,14.5648979,0.92,16.0,0.277,0.774,0.029,0.059,0.173,0.305,0.658,brick,0,1,0,0,0,1,"[497000, 469000, 469000, 469000, 449000, 449000, 449000]"
szczecin,2,29.0,1.0,7.0,11.0,1981.0,53.44545,14.55238,2.52,15.0,0.247,0.493,0.418,0.458,0.141,1.242,0.022,concreteSlab,0,0,0,1,0,1,"[279000, 279000, 279000, 279000, 279000, 279000, 289000]"
szczecin,2,36.74,2.0,7.0,11.0,1980.0,53.41413627,14.54267979,1.59,4.0,0.476,0.952,0.704,0.08,0.068,0.97,0.19,concreteSlab,1,0,1,1,0,1,"[350000, 350000, 350000, 350000, 399000, 399000, 399000]"
szczecin,3,69.15,3.0,2.0,3.0,1922.0,53.4395,14.554,1.85,25.0,0.112,0.161,0.262,0.063,0.244,0.91,0.171,brick,0,0,1,0,0,1,"[399000, 399000, 389000, 379000, 379000, 379000, 379000]"
szczecin,3,103.6,3.0,3.0,3.0,1939.0,53.42850982,14.53829114,1.61,56.0,0.099,0.705,0.083,0.214,0.131,0.359,0.163,brick,1,0,1,0,0,1,"[799000, 799000, 799000, 799000, 799000, 799000, 799000]"
szczecin,3,100.5,3.0,3.0,4.0,1930.0,53.431159,14.536018,1.86,46.0,0.054,0.567,0.269,0.259,0.194,0.497,0.182,brick,0,0,1,0,0,1,"[590000, 590000, 590000, 590000, 590000, 590000, 590000]"
szczecin,2,70.0,2.0,3.0,4.0,2003.0,53.4307,14.4844,5.14,1.0,1.015,0.926,0.536,0.818,0.994,3.175,0.207,brick,1,1,1,0,0,0,"[370000, 370000, 370000, 370000, 370000, 370000, 370000]"
gdynia,2,92.0,5.0,3.0,3.0,2022.0,54.5490221,18.5321914,3.15,0.0,2.828,2.933,2.851,2.915,2.043,2.963,2.215,brick,1,1,0,1,0,0,"[1075000, 1075000, 1075000, 1075000, 1075000, 1075000, 1075000]"
krakow,1,75.0,3.0,2.0,4.0,2022.0,50.06841337,19.8952518,3.41,6.0,0.533,0.42,0.73,0.499,0.264,0.499,0.42,brick,1,1,0,1,0,1,"[1460000, 1460000, 1460000, 1460000, 1460000, 1460000, 1460000]"
krakow,1,60.83,3.0,2.0,2.0,2003.0,50.01689695,19.92591841,4.36,10.0,0.261,0.276,0.236,0.064,0.482,2.578,0.221,brick,0,1,1,0,0,1,"[960000, 960000, 960000, 960000, 960000, 960000, 960000]"
krakow,1,59.0,3.0,1.0,1.0,2005.0,50.0128786,19.9102403,5.13,3.0,0.797,0.665,0.713,0.416,0.735,3.493,0.652,brick,1,1,0,0,0,0,"[820000, 820000, 820000, 820000, 820000, 820000, 820000]"
krakow,1,69.0,3.0,12.0,13.0,2009.0,50.0723622,19.898639,3.42,16.0,0.196,0.316,0.513,0.118,0.312,0.282,0.297,brick,1,1,0,1,0,0,"[1120000, 1120000, 1120000, 1120000, 1120000, 1120000, 1120000]"
krakow,2,69.8,4.0,3.0,10.0,1985.0,50.0192,20.0031,6.12,6.0,0.326,0.767,0.387,0.163,0.62,2.021,0.382,concreteSlab,1,0,1,1,0,1,"[960000, 960000, 960000, 999000, 999000, 999000, 999000]"
krakow,1,75.0,3.0,6.0,7.0,2017.0,50.0933864,20.0064311,6.44,16.0,0.271,0.979,0.336,0.17,0.285,0.272,0.155,brick,1,1,1,1,0,0,"[1099999, 1099999, 1099999, 1099999, 1099999, 1099999, 1099999]"
krakow,2,58.32,3.0,3.0,10.0,1978.0,50.0131019,19.9686878,5.17,13.0,0.453,0.261,0.267,0.441,0.229,1.067,0.226,concreteSlab,0,1,1,1,0,1,"[499000, 499000, 599000, 630000, 699000, 699000, 699000]"
krakow,1,45.0,3.0,1.0,5.0,2022.0,50.0454919,19.99658625,4.29,6.0,0.342,0.9,0.255,0.418,0.527,1.1,0.615,brick,1,1,1,1,0,0,"[670500, 670500, 760500, 760500, 760500, 715500, 715500]"
krakow,2,89.8,4.0,4.0,5.0,1965.0,50.0723221,19.9375247,1.89,29.0,0.309,0.26,0.252,0.41,0.162,0.32,0.246,brick,1,0,0,0,0,1,"[1400000, 1400000, 1400000, 1400000, 1400000, 1400000, 1400000]"
krakow,3,80.0,3.0,2.0,2.0,1906.0,50.067786,19.95115,1.66,34.0,0.134,0.282,0.373,0.784,0.065,0.841,0.19,brick,0,0,0,0,0,1,"[1470000, 1470000, 1470000, 1470000, 1470000, 1470000, 1470000]"
krakow,1,45.0,3.0,1.0,5.0,2022.0,50.0453845,19.9921031,3.99,2.0,0.047,0.676,0.575,0.44,0.607,1.299,0.745,brick,1,1,1,1,0,0,"[670500, 670500, 670500, 670500, 760500, 760500, 760500]"
krakow,1,42.75,2.0,1.0,7.0,2021.0,50.0487044,19.9681022,2.24,19.0,0.496,0.351,0.694,0.255,0.138,1.198,0.477,brick,1,1,1,1,0,0,"[1000000, 1000000, 1000000, 1000000, 1000000, 1000000, 1000000]"
krakow,3,64.0,2.0,1.0,2.0,1930.0,50.0667821,19.9494728,1.5,43.0,0.268,0.184,0.279,0.862,0.057,0.848,0.186,brick,0,1,1,0,0,1,"[1050000, 1050000, 1050000, 1050000, 1050000, 1050000, 1050000]"
krakow,3,46.0,2.0,4.0,4.0,1920.0,50.06650925,19.95697409,1.82,30.0,0.295,0.339,0.031,0.605,0.038,0.407,0.43,brick,1,0,1,0,0,0,"[1049000, 950000, 950000, 950000, 995000, 899000, 899000]"
krakow,1,49.1,2.0,5.0,5.0,2020.0,50.051,19.945,0.67,151.0,0.161,0.463,0.328,0.373,0.011,0.535,0.154,brick,1,0,1,1,0,0,"[981951, 981951, 981951, 981951, 1104700, 1104700, 1104700]"
krakow,1,68.0,2.0,4.0,5.0,2008.0,50.0469169,19.9507266,1.28,53.0,0.128,0.611,0.256,0.701,0.059,0.859,0.196,brick,1,1,0,1,0,0,"[1400000, 1400000, 1500000, 1500000, 1500000, 1500000, 1500000]"
krakow,1,50.95,2.0,2.0,7.0,2020.0,50.05007789,19.95874643,1.56,21.0,0.259,0.32,0.632,0.389,0.1,0.632,0.331,brick,1,1,1,1,0,0,"[915000, 915000, 915000, 915000, 915000, 915000, 1049000]"
krakow,3,36.7,2.0,3.0,4.0,1915.0,50.0635065,19.9328658,1.0,177.0,0.122,0.159,0.212,0.266,0.026,0.212,0.073,brick,0,0,1,0,0,0,"[810000, 810000, 810000, 810000, 810000, 810000, 810000]"
krakow,3,94.2,4.0,3.0,4.0,1915.0,50.0635065,19.9328658,1.0,177.0,0.122,0.159,0.212,0.266,0.026,0.212,0.073,brick,0,0,1,0,0,0,"[1507200, 1507200, 1507200, 1507200, 1507200, 1507200, 1507200]"
krakow,1,34.59,2.0,4.0,5.0,2022.0,50.0449412,19.957298,1.77,28.0,0.21,0.563,0.257,0.554,0.018,1.146,0.053,brick,1,0,0,1,0,0,"[847455, 847455, 847455, 847455, 847455, 847455, 847455]"
krakow,1,32.98,1.0,2.0,5.0,2021.0,50.0722996,19.9556123,2.25,12.0,0.511,0.375,0.307,0.365,0.197,0.961,0.097,brick,1,1,1,1,0,0,"[659270, 742050, 742050, 742050, 808010, 808010, 808010]"
krakow,3,94.2,4.0,5.0,5.0,1936.0,50.0577001,19.9263671,0.9,24.0,0.237,0.177,0.178,0.79,0.142,0.72,0.157,brick,1,0,0,1,0,1,"[1600000, 1600000, 1600000, 1600000, 1600000, 1600000, 1600000]"
krakow,1,78.0,3.0,4.0,4.0,2009.0,50.08409,19.90352,4.06,12.0,0.102,0.989,0.06,0.207,0.3,1.393,0.428,brick,1,1,1,1,0,0,"[950000, 950000, 1200000, 1200000, 1200000, 1200000, 1200000]"
krakow,2,49.15,2.0,5.0,5.0,2020.0,50.0472809,19.9407235,0.91,54.0,0.183,0.088,0.505,0.075,0.113,0.169,0.063,brick,1,1,1,1,0,0,"[982951, 1104701, 1104701, 1104701, 1104701, 1104701, 1104701]"
krakow,1,33.8,1.0,2.0,5.0,2020.0,50.0692621,19.95353222,1.89,26.0,0.189,0.345,0.391,0.556,0.217,0.786,0.362,brick,1,1,1,1,0,0,"[760500, 760500, 760500, 760500, 828100, 828100, 828100]"
poznan,1,70.92,4.0,2.0,4.0,2008.0,52.39442637,16.98454857,3.64,9.0,0.495,0.97,0.399,0.387,0.196,2.327,0.195,brick,1,0,1,0,0,0,"[809000, 809000, 795000, 795000, 795000, 795000, 795000]"
poznan,1,61.99,3.0,1.0,13.0,2014.0,52.3600021,16.9075143,5.66,3.0,0.625,1.116,0.593,0.312,0.681,1.021,0.232,brick,1,1,0,1,0,1,"[669000, 669000, 669000, 669000, 669000, 669000, 669000]"
poznan,3,98.9,5.0,1.0,4.0,1920.0,52.4029998,16.903429,2.25,23.0,0.116,0.573,0.339,0.779,0.139,1.1,0.326,brick,0,0,1,0,0,1,"[839000, 849000, 849000, 849000, 849000, 849000, 849000]"
bialystok,2,54.21,3.0,2.0,4.0,1969.0,53.14077246,23.13122463,1.25,20.0,0.165,0.398,0.168,0.298,0.465,0.985,0.16,brick,0,0,1,0,0,1,"[345000, 345000, 345000, 345000, 345000, 345000, 345000]"
bialystok,3,44.75,2.0,2.0,3.0,1956.0,53.12349577,23.1717968,2.08,28.0,0.121,0.197,0.195,0.205,0.108,0.765,0.067,brick,1,0,0,0,0,0,"[525000, 499000, 499000, 499000, 499000, 499000, 499000]"
bialystok,1,49.63,2.0,7.0,7.0,2012.0,53.1463616,23.1329616,1.66,16.0,0.233,0.45,0.583,0.231,0.176,1.465,0.157,brick,1,0,1,1,0,1,"[486000, 486000, 486000, 486000, 486000, 486000, 486000]"
bialystok,2,54.1,3.0,2.0,3.0,1972.0,53.1405149,23.1618405,1.36,20.0,0.183,0.454,0.25,0.073,0.241,0.43,0.376,brick,0,0,1,0,0,1,"[459000, 459000, 459000, 459000, 459000, 459000, 459000]"
bialystok,2,57.86,3.0,3.0,4.0,1974.0,53.14311623,23.17746034,2.41,19.0,0.096,0.367,0.073,0.193,0.17,0.536,0.087,concreteSlab,0,0,1,0,0,1,"[420000, 420000, 420000, 420000, 420000, 420000, 420000]"
bialystok,2,32.1,2.0,3.0,4.0,1977.0,53.14137518,23.17242883,2.02,28.0,0.245,0.446,0.44,0.288,0.091,0.172,0.112,concreteSlab,0,0,0,0,0,1,"[310000, 310000, 310000, 310000, 310000, 310000, 310000]"
gdansk,1,43.19,2.0,2.0,4.0,2021.0,54.3782,18.5964,4.94,19.0,0.128,0.24,0.178,0.277,0.138,0.694,0.339,brick,1,0,0,1,0,0,"[998000, 998000, 998000, 998000, 998000, 998000, 998000]"
gdansk,1,75.83,4.0,4.0,6.0,2022.0,54.3504199,18.6620515,0.51,76.0,0.521,1.026,0.429,0.4,0.114,0.923,0.304,brick,1,1,1,1,0,0,"[1490000, 1430000, 1430000, 1430000, 1430000, 1430000, 1430000]"
gdansk,2,62.0,3.0,4.0,6.0,1960.0,54.34629045,18.65121218,0.4,79.0,0.186,0.507,0.311,0.224,0.182,1.019,0.145,concreteSlab,1,1,1,1,0,1,"[829000, 829000, 829000, 829000, 829000, 829000, 822000]"
gdansk,1,55.91,2.0,7.0,13.0,2019.0,54.4031162,18.62433335,6.29,3.0,0.201,1.498,0.179,0.264,0.725,2.917,0.739,brick,1,1,1,1,0,0,"[1050000, 1050000, 1050000, 1050000, 995000, 995000, 1015000]"
gdansk,3,79.1,4.0,4.0,4.0,1902.0,54.4315512,18.5654062,10.8,4.0,0.153,1.379,0.929,1.117,0.248,0.299,0.248,brick,1,0,1,0,0,0,"[1197800, 1197800, 1197800, 1088000, 1088000, 1088000, 999000]"
gdansk,2,42.0,2.0,4.0,5.0,2022.0,54.3121716,18.5876412,5.99,2.0,0.482,2.462,0.588,0.769,0.328,1.221,0.638,brick,1,1,1,1,0,0,"[490000, 564000, 595000, 595000, 595000, 595000, 595000]"
wroclaw,3,73.0,5.0,1.0,1.0,1940.0,51.156714,17.0974348,6.96,0.0,1.175,2.424,1.689,1.258,1.57,2.127,1.573,brick,1,0,0,0,0,0,"[660000, 660000, 640000, 640000, 640000, 640000, 699000]"
wroclaw,1,49.0,2.0,4.0,5.0,2021.0,51.156974,17.0368205,5.17,2.0,1.326,1.152,0.866,0.04,0.661,3.049,0.542,brick,1,0,1,1,0,0,"[655000, 655000, 655000, 655000, 655000, 655000, 655000]"
wroclaw,1,48.8,2.0,1.0,4.0,2021.0,51.077222,16.963333,5.95,11.0,0.203,0.743,0.053,0.097,0.076,3.369,0.105,brick,1,1,0,1,0,1,"[740000, 660000, 660000, 660000, 660000, 660000, 660000]"
wroclaw,1,68.57,3.0,3.0,4.0,2022.0,51.0538,17.0607,6.69,3.0,1.527,2.57,0.583,0.257,0.49,3.073,0.238,brick,1,1,1,1,0,1,"[959000, 959000, 959000, 959000, 959000, 959000, 959000]"
wroclaw,3,52.7,2.0,4.0,5.0,1900.0,51.1106992,17.0323662,0.18,148.0,0.312,0.33,0.191,0.292,0.012,0.301,0.074,brick,0,0,0,0,0,0,"[749000, 749000, 749000, 729000, 729000, 729000, 729000]"
wroclaw,1,48.42,2.0,4.0,6.0,2020.0,51.1049417,17.0118099,1.41,6.0,0.089,0.813,0.325,0.276,0.331,0.562,0.548,brick,1,1,1,1,0,1,"[869000, 869000, 869000, 869000, 869000, 869000, 869000]"
wroclaw,3,73.5,3.0,4.0,5.0,1930.0,51.1273743988836,17.0295322545113,1.85,11.0,0.374,0.352,0.316,0.362,0.638,1.067,0.289,brick,0,0,0,0,0,1,"[629000, 629000, 629000, 629000, 629000, 629000, 629000]"
wroclaw,1,43.26,2.0,6.0,6.0,2020.0,51.09728125,17.02264114,1.57,36.0,0.125,0.959,0.196,0.101,0.154,0.552,0.286,brick,1,1,1,1,0,0,"[757000, 757000, 757000, 757000, 757000, 757000, 720000]"
wroclaw,3,72.0,3.0,1.0,2.0,1925.0,51.1099079,17.1018384,5.03,8.0,0.447,2.273,0.378,0.46,0.158,1.959,0.129,brick,0,1,0,0,0,1,"[850000, 850000, 850000, 850000, 850000, 850000, 850000]"
wroclaw,1,82.6,3.0,3.0,3.0,2013.0,51.12595,16.96019,5.15,7.0,0.757,1.753,0.61,0.2,0.113,1.466,0.357,brick,1,1,1,1,0,1,"[980000, 980000, 970000, 970000, 970000, 970000, 970000]"
wroclaw,3,71.93,3.0,2.0,3.0,1930.0,51.1095917,17.1084246,5.49,3.0,0.406,2.733,0.829,0.259,0.542,2.411,0.584,brick,0,1,0,0,0,1,"[875000, 875000, 875000, 875000, 875000, 875000, 875000]"
wroclaw,3,86.47,4.0,2.0,6.0,1920.0,51.1053122,17.0279721,0.61,72.0,0.209,0.329,0.415,0.154,0.171,0.178,0.159,brick,0,1,0,0,0,0,"[849000, 849000, 849000, 849000, 849000, 849000, 849000]"
wroclaw,2,60.0,3.0,1.0,4.0,1960.0,51.09360431,16.9896698,3.39,12.0,0.163,1.883,0.554,0.057,0.313,1.71,0.169,brick,1,0,0,0,0,1,"[679000, 679000, 679000, 679000, 679000, 679000, 750000]"
radom,3,27.28,1.0,1.0,2.0,1910.0,51.4059716,21.138198,0.44,10.0,0.12,0.227,0.458,0.475,0.37,0.517,0.273,brick,1,0,0,0,0,0,"[220000, 220000, 220000, 220000, 220000, 218000, 218000]"
radom,2,65.0,3.0,1.0,4.0,1994.0,51.408009,21.1764219,2.43,18.0,0.256,0.357,0.347,0.226,0.156,0.111,0.164,concreteSlab,0,0,1,0,0,1,"[399000, 399000, 399000, 399000, 399000, 399000, 399000]"
radom,2,69.49,3.0,4.0,4.0,2009.0,51.405269,21.1449937,0.31,27.0,0.142,0.268,0.319,0.611,0.263,0.586,0.236,brick,1,1,1,1,0,0,"[629000, 629000, 629000, 629000, 629000, 629000, 629000]"
radom,2,59.9,3.0,4.0,4.0,1979.0,51.3806088,21.15541044,2.64,16.0,0.113,0.463,0.149,0.06,0.204,1.551,0.227,concreteSlab,0,0,1,0,0,1,"[345000, 330000, 299000, 280000, 280000, 285000, 285000]"
radom,2,63.73,2.0,5.0,5.0,1999.0,51.39717875,21.14005453,0.66,22.0,0.211,0.168,0.462,0.312,0.279,0.592,0.559,brick,0,1,0,0,0,1,"[339999, 339999, 339999, 339999, 339999, 339999, 339999]"
radom,2,55.32,3.0,3.0,3.0,1960.0,51.4111231,21.1606692,1.56,18.0,0.215,0.458,0.14,0.182,0.164,0.759,0.19,brick,0,0,0,1,0,0,"[309000, 309000, 309000, 309000, 309000, 309000, 309000]"
radom,1,71.24,3.0,4.0,4.0,1990.0,51.4008193,21.1410503,0.25,29.0,0.189,0.236,0.051,0.215,0.223,0.401,0.313,brick,1,0,1,0,0,1,"[570000, 570000, 570000, 570000, 570000, 570000, 570000]"
radom,3,40.57,2.0,3.0,3.0,1940.0,51.4001159,21.1647981,1.59,29.0,0.048,0.38,0.291,0.142,0.153,0.506,0.084,brick,1,1,1,0,0,1,"[350000, 350000, 350000, 350000, 350000, 350000, 339000]"
radom,3,74.68,3.0,2.0,2.0,1930.0,51.4024055,21.159545,1.19,66.0,0.058,0.142,0.1,0.293,0.033,0.24,0.244,brick,1,1,0,0,0,0,"[620000, 549000, 549000, 580000, 530000, 530000, 530000]"
radom,2,63.0,3.0,2.0,4.0,1960.0,51.4062,21.1674,1.77,18.0,0.238,0.233,0.659,0.245,0.276,0.283,0.145,brick,0,0,1,0,0,1,"[339000, 339000, 339000, 339000, 339000, 339000, 339000]"
radom,2,35.12,2.0,3.0,4.0,1973.0,51.4076106,21.1756542,2.36,17.0,0.325,0.288,0.384,0.173,0.173,0.079,0.095,concreteSlab,0,0,1,0,0,1,"[249000, 249000, 249000, 249000, 239000, 239000, 239000]"
radom,3,74.5,4.0,1.0,2.0,1900.0,51.4003942,21.1600098,1.25,58.0,0.284,0.29,0.325,0.349,0.02,0.434,0.258,brick,0,0,1,0,0,1,"[399000, 399000, 399000, 399000, 399000, 399000, 399000]"
radom,2,46.7,2.0,10.0,10.0,1978.0,51.4140413,21.15582942,1.55,11.0,0.154,0.496,0.281,0.438,0.465,0.912,0.477,concreteSlab,1,0,0,1,0,0,"[320000, 320000, 320000, 320000, 320000, 320000, 320000]"
radom,2,61.44,3.0,3.0,4.0,1979.0,51.38062475,21.1575292,2.7,17.0,0.259,0.362,0.112,0.137,0.075,1.65,0.131,concreteSlab,0,0,1,0,0,1,"[365000, 365000, 365000, 365000, 365000, 365000, 365000]"
radom,2,42.4,2.0,4.0,10.0,1969.0,51.4140413,21.15582942,1.55,11.0,0.154,0.496,0.281,0.438,0.465,0.912,0.477,concreteSlab,0,0,1,1,0,1,"[259000, 249000, 249000, 249000, 239000, 239000, 219900]"
radom,3,90.0,3.0,2.0,4.0,1945.0,51.3979307,21.1537596,0.97,54.0,0.067,0.458,0.204,0.357,0.063,0.48,0.028,brick,0,1,1,0,0,1,"[629000, 629000, 629000, 629000, 550000, 550000, 585000]"
radom,2,53.8,3.0,4.0,4.0,1980.0,51.3775745,21.15264141,2.91,10.0,0.301,0.8,0.428,0.324,0.555,1.556,0.31,concreteSlab,1,0,1,0,0,1,"[309900, 309900, 309900, 309900, 309900, 309900, 309900]"
radom,2,46.0,2.0,3.0,4.0,1973.0,51.39146305,21.12472663,1.77,12.0,0.263,0.412,0.205,0.244,0.368,0.928,0.353,brick,0,0,1,0,0,1,"[259000, 259000, 270000, 270000, 270000, 270000, 270000]"
radom,2,104.0,4.0,2.0,5.0,1996.0,51.4023589,21.1607812,1.28,57.0,0.112,0.072,0.156,0.333,0.098,0.209,0.288,brick,0,1,1,0,0,1,"[650000, 650000, 650000, 630000, 630000, 630000, 630000]"
radom,2,29.75,1.0,8.0,10.0,1979.0,51.37680615,21.15204157,2.98,10.0,0.3,0.879,0.476,0.32,0.646,1.574,0.249,concreteSlab,1,0,1,1,0,1,"[220000, 220000, 220000, 220000, 220000, 220000, 220000]"
radom,2,55.5,2.0,3.0,4.0,1950.0,51.395571,21.1527896,1.09,37.0,0.07,0.466,0.449,0.123,0.184,0.626,0.104,brick,1,0,0,0,0,1,"[419000, 419000, 419000, 419000, 419000, 399000, 399000]"
radom,2,92.39,3.0,1.0,3.0,1960.0,51.3912449,21.1518997,1.46,21.0,0.341,0.557,0.272,0.439,0.095,0.773,0.348,brick,1,0,0,0,0,0,"[475000, 475000, 475000, 475000, 475000, 475000, 475000]"
rzeszow,1,67.0,3.0,2.0,19.0,2017.0,50.04938,21.99951,1.39,11.0,0.157,0.813,0.612,0.529,0.259,0.197,0.193,brick,1,0,1,1,0,0,"[770500, 770500, 770500, 770500, 770500, 770500, 770500]"
katowice,2,79.0,3.0,1.0,4.0,1970.0,50.26322913,19.02132511,0.45,48.0,0.153,0.147,0.495,0.104,0.187,0.17,0.256,brick,1,0,1,0,0,1,"[715000, 715000, 715000, 715000, 715000, 715000, 715000]"
katowice,2,47.0,2.0,2.0,4.0,1970.0,50.2743361,19.02343163,1.69,10.0,0.304,0.342,0.361,0.176,0.362,0.911,0.11,brick,1,0,0,0,0,1,"[375000, 369000, 369000, 369000, 369000, 369000, 369000]"
katowice,3,74.82,3.0,3.0,4.0,1920.0,50.2571845,19.0209798,0.26,103.0,0.288,0.376,0.113,0.597,0.081,0.222,0.133,brick,1,0,1,0,0,1,"[745000, 745000, 745000, 745000, 745000, 745000, 745000]"
katowice,2,64.49,3.0,4.0,4.0,1979.0,50.2384,19.0881,5.4,4.0,0.571,3.826,0.426,0.59,0.745,2.874,0.322,concreteSlab,0,0,1,0,0,1,"[320000, 320000, 320000, 315000, 315000, 315000, 315000]"
katowice,3,94.76,5.0,3.0,4.0,1900.0,50.2648919,19.0237815,0.69,24.0,0.382,0.168,0.289,0.298,0.141,0.375,0.219,brick,1,0,1,0,0,1,"[710700, 710700, 710700, 710700, 710700, 710700, 710700]"
katowice,3,34.18,2.0,2.0,3.0,1925.0,50.2766701,19.0696918,4.05,9.0,0.249,1.64,0.141,0.098,0.159,0.679,0.081,brick,1,0,0,0,0,1,"[250000, 250000, 250000, 250000, 250000, 250000, 250000]"
katowice,3,148.67,5.0,2.0,3.0,1902.0,50.25467,19.01536,0.6,38.0,0.283,0.507,0.263,0.353,0.049,0.445,0.161,brick,1,0,1,0,0,1,"[990000, 990000, 990000, 990000, 990000, 990000, 990000]"
katowice,3,90.0,3.0,5.0,5.0,1950.0,50.25595595,19.02043247,0.38,85.0,0.165,0.459,0.237,0.504,0.034,0.363,0.109,brick,1,0,0,0,0,1,"[430000, 430000, 430000, 430000, 430000, 430000, 430000]"
lublin,2,59.0,3.0,4.0,4.0,1995.0,51.2328,22.5167,3.92,22.0,0.326,0.996,0.342,0.074,0.422,1.012,0.333,brick,1,1,0,0,0,1,"[489000, 470000, 470000, 470000, 470000, 470000, 470000]"
lublin,2,83.0,4.0,2.0,2.0,2000.0,51.27000627,22.56406784,2.5,1.0,0.611,1.12,1.058,0.72,0.688,0.477,0.501,brick,0,1,0,0,0,1,"[719000, 719000, 719000, 719000, 719000, 719000, 719000]"
lublin,1,61.74,3.0,4.0,9.0,2018.0,51.23526905,22.58489772,1.82,16.0,0.214,0.408,0.511,0.177,0.143,0.542,0.404,brick,1,1,1,1,0,0,"[649000, 629000, 629000, 629000, 629000, 629000, 629000]"
lublin,2,67.5,4.0,4.0,4.0,1996.0,51.25332053,22.5172615,3.57,15.0,0.416,0.528,0.174,0.216,0.183,1.44,0.207,brick,0,0,1,0,0,1,"[559000, 559000, 559000, 539000, 539000, 539000, 529000]"
lublin,2,72.2,4.0,2.0,4.0,1978.0,51.23925575,22.54768371,1.68,19.0,0.419,1.285,0.349,0.053,0.103,0.533,0.167,concreteSlab,0,0,1,0,0,1,"[629000, 629000, 619000, 619000, 619000, 619000, 619000]"
lublin,2,58.6,2.0,4.0,4.0,1989.0,51.23138855,22.5164974,4.0,21.0,0.198,1.153,0.26,0.071,0.314,1.155,0.242,concreteSlab,1,0,1,0,0,1,"[520000, 520000, 499000, 499000, 499000, 499000, 499000]"
lublin,2,90.0,3.0,3.0,4.0,1970.0,51.24312611,22.55729198,0.89,38.0,0.133,0.789,0.523,0.139,0.219,0.182,0.192,brick,1,1,1,0,0,1,"[830000, 830000, 830000, 830000, 830000, 830000, 830000]"
lublin,2,48.07,2.0,4.0,4.0,1970.0,51.21940675,22.5519333,3.33,0.0,0.65,1.646,1.057,0.584,0.646,1.161,1.055,brick,0,0,1,0,0,1,"[333000, 333000, 333000, 333000, 333000, 333000, 333000]"
lublin,2,61.2,3.0,4.0,4.0,1980.0,51.2328,22.5167,3.92,22.0,0.326,0.996,0.342,0.074,0.422,1.012,0.333,concreteSlab,0,0,1,0,0,1,"[439000, 439000, 439000, 439000, 439000, 439000, 439000]"
czestochowa,2,84.85,4.0,1.0,3.0,2001.0,50.823,19.0906,2.96,3.0,0.788,2.074,0.488,0.384,0.548,1.712,0.602,brick,0,0,1,0,0,0,"[549000, 549000, 549000, 549000, 529000, 529000, 529000]"
warszawa,3,85.07,3.0,2.0,4.0,1936.0,52.1909691,21.0226808,4.71,18.0,0.049,0.168,0.642,0.164,0.098,1.325,0.403,brick,1,0,0,1,0,1,"[2150000, 2150000, 2150000, 2250000, 2250000, 2300000, 2300000]"
warszawa,3,57.13,3.0,1.0,4.0,1900.0,52.25868783,21.05433225,4.58,19.0,0.18,0.249,0.502,0.115,0.599,0.232,0.133,brick,1,0,1,0,0,0,"[1150000, 1150000, 1150000, 1150000, 1150000, 1150000, 1150000]"
warszawa,2,51.15,2.0,1.0,2.0,2021.0,52.1645326,21.11336657,10.57,5.0,1.687,4.056,0.22,1.076,0.209,3.984,0.243,brick,1,1,0,1,0,1,"[810000, 810000, 810000, 879780, 879780, 879780, 879780]"
warszawa,3,77.58,3.0,2.0,4.0,1938.0,52.27180025,20.98443706,4.64,32.0,0.349,0.148,0.361,0.113,0.168,0.848,0.033,brick,1,0,0,1,0,0,"[1850283, 1850283, 1850283, 1850283, 1850283, 1850283, 1850283]"
warszawa,2,86.5,5.0,11.0,11.0,1984.0,52.3161797,20.9523323,10.02,10.0,0.294,0.569,0.171,0.359,0.518,0.265,0.19,concreteSlab,1,0,0,1,0,1,"[1270000, 1270000, 1270000, 1270000, 1270000, 1270000, 1270000]"
warszawa,2,75.0,4.0,2.0,3.0,1992.0,52.1486353,21.0308888,9.42,12.0,0.354,0.355,0.486,0.393,0.111,0.751,0.129,brick,1,1,1,0,0,1,"[1150000, 1150000, 1150000, 1150000, 1150000, 1150000, 1150000]"
warszawa,2,60.0,3.0,2.0,4.0,1985.0,52.2257015,21.10648318,7.04,10.0,0.425,0.841,0.326,0.284,0.344,1.663,0.175,brick,0,0,1,0,0,1,"[790000, 770000, 770000, 770000, 775000, 775000, 760000]"
warszawa,3,62.67,2.0,2.0,3.0,1938.0,52.2111886,21.0473159,3.75,10.0,0.036,1.038,0.59,0.279,0.052,2.095,0.423,brick,0,0,1,0,0,1,"[1120000, 1120000, 1120000, 1120000, 1120000, 1089000, 1089000]"
warszawa,2,67.6,3.0,2.0,3.0,1980.0,52.2296756,21.0122287,0.63,113.0,0.243,0.131,0.26,0.274,0.059,0.229,0.142,concreteSlab,1,0,0,0,0,1,"[725000, 725000, 725000, 725000, 725000, 725000, 725000]"
warszawa,1,36.0,2.0,6.0,8.0,1964.0,52.2348437,21.0114411,0.64,88.0,0.227,0.465,0.077,0.384,0.068,0.151,0.133,concreteSlab,0,0,0,1,0,0,"[640000, 850000, 850000, 850000, 850000, 850000, 850000]"
warszawa,2,57.2,4.0,8.0,10.0,1970.0,52.20291809,21.05051875,4.53,12.0,0.344,0.386,0.499,0.233,0.238,2.453,0.169,concreteSlab,0,0,1,1,0,1,"[740000, 740000, 740000, 740000, 740000, 740000, 740000]"
warszawa,1,69.0,2.0,1.0,5.0,2018.0,52.2538943,21.0441759,3.71,51.0,0.339,0.199,0.269,0.198,0.119,0.209,0.143,brick,1,1,1,1,0,0,"[1794000, 1794000, 1794000, 1794000, 1794000, 1794000, 1794000]"
warszawa,3,53.0,2.0,2.0,2.0,1947.0,52.2705174,20.976155,4.7,34.0,0.413,0.088,0.476,0.05,0.096,0.787,0.017,brick,0,0,0,1,0,1,"[990000, 990000, 990000, 990000, 990000, 990000, 990000]"
warszawa,3,86.0,5.0,5.0,5.0,1950.0,52.2070003,21.0483483,4.11,14.0,0.324,0.604,0.314,0.249,0.239,2.243,0.064,brick,1,0,0,1,0,0,"[1500000, 1500000, 1500000, 1500000, 1500000, 1500000, 1500000]"
warszawa,3,100.0,3.0,1.0,4.0,1938.0,52.20471373,21.00637436,3.01,21.0,0.413,0.195,0.359,0.079,0.19,0.456,0.201,brick,1,0,1,0,0,1,"[2499999, 2499999, 2499999, 2499999, 2499999, 2499999, 2599999]"
warszawa,1,62.42,3.0,1.0,4.0,2016.0,52.16530335,21.08107956,9.08,30.0,0.501,1.957,0.221,0.193,0.184,2.534,0.165,brick,1,1,1,1,0,0,"[1310820, 1310820, 1310820, 1310820, 1310820, 1310820, 1310820]"
warszawa,1,36.0,2.0,3.0,8.0,2015.0,52.2306557,20.975674,1.9,32.0,0.225,0.458,0.724,0.112,0.036,1.785,0.167,brick,1,1,0,1,0,0,"[849000, 849000, 849000, 849000, 849000, 849000, 849000]"
warszawa,1,92.0,3.0,3.0,3.0,2006.0,52.2158023,21.0434787,3.24,7.0,0.124,1.544,1.158,0.281,0.444,1.656,0.978,brick,1,1,0,0,0,0,"[1600000, 1600000, 1600000, 1600000, 1600000, 1600000, 1600000]"
warszawa,3,64.0,2.0,4.0,4.0,1933.0,52.21667877,20.97779274,2.42,23.0,0.052,0.526,0.22,0.127,0.115,0.71,0.194,brick,1,0,1,0,0,1,"[990000, 990000, 990000, 990000, 990000, 990000, 990000]"
warszawa,1,80.0,3.0,29.0,29.0,2005.0,52.2319163,20.9877474,1.08,66.0,0.021,0.137,0.2,0.141,0.153,1.197,0.086,brick,1,0,0,1,0,0,"[2200000, 2200000, 2200000, 2200000, 2200000, 2200000, 2200000]"
warszawa,1,90.86,3.0,6.0,6.0,2019.0,52.1836721,21.0456837,6.06,7.0,0.218,0.215,0.395,0.493,0.103,3.038,0.416,brick,1,1,1,1,0,0,"[1880000, 1880000, 1880000, 1880000, 1880000, 1880000, 1880000]"
warszawa,2,64.0,3.0,9.0,11.0,1985.0,52.15214895,21.03427126,9.09,23.0,0.137,0.405,0.213,0.105,0.192,0.867,0.273,concreteSlab,1,0,1,1,0,1,"[850000, 850000, 895000, 895000, 895000, 895000, 895000]"
warszawa,2,72.0,3.0,8.0,10.0,2014.0,52.2219685708077,21.0927438824827,6.17,12.0,0.508,0.58,0.464,0.362,0.095,1.858,0.221,brick,1,1,1,1,1,0,"[1150000, 1150000, 1150000, 1150000, 1150000, 1150000, 1150000]"
warszawa,3,81.54,3.0,1.0,3.0,1937.0,52.2464098,21.0626602,4.34,23.0,0.158,0.077,0.065,0.122,0.214,0.467,0.147,brick,0,0,0,0,0,1,"[1280000, 1280000, 1280000, 1280000, 1280000, 1280000, 1280000]"
warszawa,2,113.8,4.0,10.0,10.0,1987.0,52.1414672,21.0526035,10.58,33.0,0.326,0.26,0.254,0.312,0.141,0.932,0.257,concreteSlab,1,1,1,1,0,1,"[1479400, 1479400, 1479400, 1479400, 1479400, 1479400, 1479400]"
warszawa,1,149.2,5.0,1.0,2.0,2001.0,52.171,21.11056,9.94,4.0,1.602,3.814,0.623,0.35,0.249,4.422,0.537,brick,0,1,1,0,0,0,"[1800000, 1800000, 1800000, 1800000, 1800000, 1800000, 1800000]"
warszawa,3,65.35,3.0,1.0,6.0,1939.0,52.24139911,20.99565006,1.2,62.0,0.029,0.199,0.457,0.17,0.03,0.099,0.105,brick,1,0,1,1,0,0,"[1500000, 1500000, 1500000, 1500000, 1500000, 1500000, 1500000]"
warszawa,2,80.0,3.0,3.0,4.0,2009.0,52.14288173,21.05081125,10.39,36.0,0.365,0.393,0.338,0.34,0.162,0.755,0.256,brick,1,1,1,1,0,0,"[1500000, 1500000, 1500000, 1500000, 1500000, 1500000, 1500000]"
warszawa,3,70.0,2.0,4.0,5.0,1950.0,52.2498345,21.0115081,2.09,79.0,0.219,0.538,0.075,0.524,0.019,0.227,0.066,brick,1,0,0,1,0,0,"[910000, 910000, 910000, 910000, 910000, 910000, 910000]"
warszawa,3,67.0,2.0,4.0,5.0,1956.0,52.2380828,20.9785615,1.84,37.0,0.18,0.348,0.303,0.113,0.111,1.16,0.059,brick,1,0,0,1,0,1,"[1005000, 1005000, 1005000, 1005000, 1005000, 1005000, 1005000]"
bydgoszcz,3,40.0,2.0,3.0,3.0,1930.0,53.12334383,18.00798655,0.5,58.0,0.171,0.358,0.097,0.32,0.172,0.329,0.389,brick,1,0,0,0,0,0,"[349000, 349000, 349000, 349000, 349000, 349000, 349000]"
bydgoszcz,3,75.0,5.0,3.0,3.0,1887.0,53.12587623,17.99173583,0.74,13.0,0.232,0.957,0.621,0.251,0.401,0.286,0.459,brick,0,0,0,0,0,0,"[352500, 352500, 352500, 352500, 352500, 352500, 352500]"
bydgoszcz,2,121.2,5.0,1.0,4.0,2006.0,53.13095,18.05265,3.6,10.0,0.321,1.108,0.498,0.339,0.163,0.565,0.403,brick,1,1,1,0,0,1,"[869000, 869000, 869000, 869000, 869000, 869000, 869000]"
bydgoszcz,2,68.79,3.0,3.0,3.0,2002.0,53.1238936,18.0252686,1.65,14.0,0.058,0.833,0.389,0.363,0.29,0.957,0.332,brick,1,1,1,0,0,1,"[549000, 549000, 549000, 539000, 539000, 539000, 539000]"
bydgoszcz,1,78.9,3.0,2.0,2.0,2004.0,53.10838,17.9808,2.02,0.0,0.561,1.181,0.903,0.567,0.715,1.595,0.591,brick,1,0,1,0,0,1,"[640000, 640000, 640000, 640000, 640000, 640000, 640000]"
bydgoszcz,3,39.0,2.0,1.0,4.0,1914.0,53.126,18.0079,0.65,54.0,0.111,0.205,0.351,0.405,0.058,0.622,0.205,brick,0,0,0,0,0,1,"[205000, 205000, 205000, 205000, 205000, 205000, 205000]"
bydgoszcz,2,37.3,2.0,10.0,10.0,1980.0,53.1249837,18.0497523,3.29,21.0,0.4,0.417,0.299,0.172,0.08,0.861,0.155,concreteSlab,0,0,1,1,0,1,"[219000, 219000, 219000, 219000, 219000, 219000, 219000]"
bydgoszcz,3,95.0,4.0,1.0,3.0,1893.0,53.126,18.0079,0.65,54.0,0.111,0.205,0.351,0.405,0.058,0.622,0.205,brick,0,0,0,0,0,1,"[599000, 599000, 599000, 599000, 599000, 599000, 599000]"
bydgoszcz,2,74.0,3.0,1.0,3.0,1959.0,53.1058044,18.0548717,4.04,14.0,0.214,0.313,0.449,0.157,0.406,1.66,0.277,brick,0,0,0,0,0,1,"[389900, 389900, 389900, 389900, 389900, 389900, 389900]"
